{
  "dof": 2,
  "name": "2DOF_Simple_Arm",
  "initial_angles": [
    -1.5707963267948966,
    0
  ],
  "link_lengths": [
    0.3,
    0.275
  ],
  "masses": [
    2.3144736842105265,
    1.4026315789473685
  ],
  "inertias": [
    0.1,
    0.08
  ],
  "damping": 0.1,
  "joint_limits_min": [
    -3.141592653589793,
    0
  ],
  "joint_limits_max": [
    3.141592653589793,
    2.094
  ],
  "dt": 0.01,
  "velocity_limits": 2.0
}